layer,pair,n_points,break_date,shift,shift_se,shift_ci_low,shift_ci_high,centre,level_at_centre,slope_per_century,level_no_break,slope_no_break_per_century,rmse_no_break,sup_wald,p_value,overdispersion,q_value,has_break
sector centuries,Academia + Culture (core),12,1600.0,1.0756128573464925,0.24609615002599963,0.5932644032955332,1.5579613113974518,1350.0,1.6229037859137234,-0.4371965209450947,1.836355750714343,-0.2744230934850759,0.5509420510395254,19.10303321058932,0.014492753623188406,12.812604202064486,0.05568644249303919,False
sector centuries,Academia + Culture (periphery),12,1600.0,1.374646240352972,0.21008571418250052,0.9628782405552709,1.786414240150673,1350.0,0.3223006975660853,-0.4863878633248945,0.8185933894604076,-0.3201901126632033,0.7121189864388816,42.81430064843356,0.0009995002498750624,4.377597235316571,0.016705932747911757,True
sector centuries,Academia + Exploration & Invention,12,1300.0,-1.463363026786507,0.8055502923604827,-3.042241599813053,0.11551554624003901,1350.0,1.339482266770933,0.23558295209970193,-0.002810238285320701,0.21207588231339464,0.9326031340473984,3.300037209313441,0.44577711144427784,2.5787989192720686,0.5039219520674445,False
sector centuries,Academia + Sport & Games,12,1100.0,4.11695514478412,0.871212610763119,2.4093784276884067,5.824531861879833,1350.0,-2.5765970154350955,-0.4921344711439912,-0.45198182093609557,-0.11682456966010406,0.9767147495681178,22.330783662082755,0.00399800099950025,4.55091741283272,0.028349461632819952,True
sector centuries,Administration & Law + Academia,12,1600.0,-1.4088175662659685,0.5238051957373769,-2.4354757499112276,-0.3821593826207097,1350.0,0.49144675792603315,0.1136920076238939,0.5152993681825399,-0.15957352572721425,0.6190465744389987,7.233856883324344,0.1489255372313843,9.426473355870632,0.2191734321518486,False
sector centuries,Administration & Law + Big business,12,1000.0,-1.1145159535374087,0.8255142644354011,-2.732523911830795,0.5034920047559774,1350.0,0.199480028004701,0.06388029287450031,-0.3793300692056892,-0.04216999587917224,0.44809831745577167,1.8227345046224002,0.6611694152923538,5.506215744908466,0.706454991682241,False
sector centuries,Administration & Law + Culture (core),12,1600.0,0.4559302807688751,0.21695877287098325,0.03069108594174791,0.8811694755960022,1350.0,-0.02088367275490952,-0.39709555337215585,0.028221286800319677,-0.3179123169502029,0.8167412918453935,4.416136028725232,0.3553223388305847,2.6270280750520247,0.4199264004361456,False
sector centuries,Administration & Law + Culture (periphery),12,1600.0,2.563541297933975,0.9008912970002494,0.7977943558134863,4.329288240054463,1350.0,-2.3592743111109944,-0.4216119201003576,-1.0745781706855635,-0.17050672822870064,0.7974098347427472,8.097218402528883,0.0769615192403798,4.725841795388558,0.1539230384807596,False
sector centuries,Administration & Law + Exploration & Invention,12,1100.0,1.433518573714451,0.4136295444211327,0.6228046666490308,2.2442324807798713,1350.0,-2.0305321699493493,-0.3058850242526367,-1.3251142598113261,-0.15121211104108995,0.7629910940077824,12.011121092058932,0.04847576211894053,1.7266345671281826,0.1112091013316871,False
sector centuries,Administration & Law + Kinship,12,1600.0,-0.8358352949693005,0.3234929556270618,-1.4698814879983417,-0.20178910194025934,1350.0,-1.401034295831487,0.0869982822973086,-1.5045604933565173,-0.05286965410034826,0.7083516633339813,6.675929728525535,0.17041479260369816,2.703883344181043,0.24615470042756402,False
sector centuries,Administration & Law + Military,12,1600.0,-2.0235406766257507,0.42993339802581404,-2.8662101367563464,-1.1808712164951551,1350.0,-1.0734823865830996,0.6235153547862541,-1.0975377364520795,0.23009301264917437,1.4534521078682898,22.15243705943826,0.009495252373813094,7.416823563212395,0.04937531234382809,True
sector centuries,Administration & Law + Nobility,12,1600.0,-0.6117553405061501,0.1376792115406821,-0.881606595125887,-0.3419040858864132,1350.0,-0.44325415372701843,0.09382735666201487,-0.43031435516398514,-0.025691619746937684,0.4539662602125996,19.743256975093722,0.014992503748125937,2.3558983880922866,0.05568644249303919,False
sector centuries,Administration & Law + Religion,12,1400.0,-1.7948902428291298,0.6157047261054416,-3.0016715059957955,-0.5881089796624643,1350.0,1.093912780507131,-0.09739405958846825,0.4305312546772997,-0.33715634565863123,0.6994875018348334,8.498275752256426,0.11344327836081959,6.085494572845888,0.19656129382117452,False
sector centuries,Administration & Law + Small business,12,1600.0,-0.7194735019897914,0.31561695850119664,-1.338082740652137,-0.10086426332744602,1350.0,-0.7182617815763196,-0.0496604446554202,-1.0444900688008552,-0.12415430444021015,0.6661675442039356,5.196476247578393,0.23088455772113944,2.4090424099276038,0.304047976011994,False
sector centuries,Administration & Law + Sport & Games,12,1100.0,0.7372169747252162,0.3632800992229222,0.02518798024828872,1.4492459692021438,1350.0,-0.6873907527359406,-0.11517739374404766,-0.32859666847403174,-0.04410540549043927,0.5999530386856434,4.11820003465307,0.23788105947026486,1.5770722998237234,0.304175780961978,False
sector centuries,Big business + Academia,12,1200.0,-4.075855219440134,1.0501877868691154,-6.1342232817036,-2.017487157176668,1350.0,1.2370908591954097,0.4226090766428504,-1.0075013332236071,0.07515510768488719,0.696014699117244,15.062725819692114,0.014992503748125937,5.463781909859325,0.05568644249303919,False
sector centuries,Big business + Culture (core),12,1000.0,0.7287643264383279,0.261544715121263,0.2161366848006524,1.2413919680760035,1350.0,-1.234005074647785,-0.09919300625354348,-0.7790600019298376,-0.04701890177554888,0.39892410647248794,7.763942548537663,0.0879560219890055,1.3097128129604387,0.1658937972874028,False
sector centuries,Big business + Culture (periphery),12,1300.0,-1.1501112279575736,0.47705229645888675,-2.0851337290169916,-0.2150887268981556,1350.0,0.1348028680742699,0.04535453486854292,-0.4148859504814767,-0.06691953834135729,0.8623412221494453,5.812295753799924,0.12443778110944528,2.1985323397540846,0.20126671358198453,False
sector centuries,Big business + Exploration & Invention,12,1100.0,2.0662796614327816,0.28404304628325966,1.5095552907175929,2.6230040321479704,1350.0,-0.4444394429047665,-0.06509743741232693,0.48184352796172575,0.1623179885771695,1.1348717128962509,52.91878671853464,0.0009995002498750624,3.429565726913921,0.016705932747911757,True
sector centuries,Big business + Small business,12,1100.0,5.488302853938194,0.40040819909028613,4.703502783721233,6.273102924155155,1350.0,-2.549987485808494,-0.4499246426205794,0.5810033556880633,0.046489929314849,1.0602832632397101,187.87552759964044,0.0004997501249375312,9.419627694685838,0.016705932747911757,True
sector centuries,Big business + Sport & Games,12,1600.0,2.1875986253302364,0.3583212259100176,1.485289022546602,2.889908228113871,1350.0,-0.4240462859522701,-0.08054005313474304,0.5614157554833162,0.13089425632835427,1.0030770933078763,37.27264500937155,0.0014992503748125937,10.347188808260912,0.016705932747911757,True
sector centuries,Culture (core) + Culture (periphery),12,1600.0,0.6927297106762541,0.14100450498339015,0.4163608809088094,0.9690985404436988,1350.0,2.6069751008350868,-0.37966808843513705,2.727811609709948,-0.27326871019366816,1.2188487080573984,24.13579746081048,0.005997001499250375,7.827601805872268,0.035982008995502246,True
sector centuries,Culture (core) + Sport & Games,12,1200.0,3.5144573555771115,0.5949083902880724,2.34843691061249,4.680477800541733,1350.0,-2.183128737457577,-0.3329362274037758,-0.23634061589356073,-0.042802383064947,1.046701315201443,34.899272014314896,0.0014992503748125937,4.935976168238522,0.016705932747911757,True
sector centuries,Culture (periphery) + Sport & Games,12,1100.0,-0.39775126390066246,0.13514098575070504,-0.6626275959720443,-0.13287493182928056,1350.0,-0.17092660113075417,-0.016352987799918655,-0.3622009743090714,-0.05456461210629297,0.3306528464607833,8.662614175804409,0.0734632683658171,1.7065216740550675,0.1539230384807596,False
sector centuries,Exploration & Invention + Culture (core),12,1400.0,-0.4629887164488554,0.25340268853990394,-0.9596579859870671,0.0336805530893563,1350.0,0.3676737241403279,-0.20684652575016163,0.07326776775288751,-0.23965214424801762,0.6752810509649956,3.3382463064371866,0.48125937031484256,1.2366614334953998,0.5362604412079675,False
sector centuries,Exploration & Invention + Culture (periphery),12,1100.0,4.405463079549748,1.0482230815939142,2.3509458396256764,6.45998031947382,1350.0,-2.471538667670722,-0.5600817953981388,-0.2995197759695785,-0.1074659155607611,1.1890339766306763,17.663456569874413,0.012993503248375811,7.669145875652143,0.05568644249303919,False
sector centuries,Exploration & Invention + Sport & Games,12,1300.0,1.2557882719103848,0.3643626718410187,0.5416374351019881,1.9699391087187814,1350.0,-0.23660971713836354,-0.006488168482211714,0.2658193314899208,0.13074465196192528,0.4448375678412895,11.878595384979672,0.027486256871564217,3.0540608392235296,0.08245877061469264,False
sector centuries,Kinship + Academia,12,1600.0,2.82683497220023,1.0529112860152336,0.763128851610372,4.890541092790087,1350.0,-1.3990699365656274,-0.3676862718332414,-0.7410383133371113,0.07241651775387659,2.002905180706379,7.208042678086476,0.13493253373313344,10.782194007505122,0.21049475262368816,False
sector centuries,Kinship + Big business,12,1300.0,2.5582127503272303,0.8633474323191601,0.8660517829816765,4.250373717672784,1350.0,-2.0484889364406493,-0.0919954920166971,-0.2413753510253428,0.06384213246019693,0.8891596943952254,8.780153627930224,0.09095452273863068,3.38918537108361,0.1658937972874028,False
sector centuries,Kinship + Culture (core),12,1600.0,0.7126797245043849,0.20843391737602882,0.3041492464473684,1.1212102025614015,1350.0,-0.7367909285637272,0.06983887997080998,-0.6308378705481998,0.18421161548294535,0.45817194055113414,11.69100981528448,0.04547726136931534,4.1979451161390875,0.11085082458770615,False
sector centuries,Kinship + Culture (periphery),12,1400.0,5.285131164588104,1.3166723931619913,2.704453273990601,7.865809055185607,1350.0,-4.7832976752323795,-0.3357264912095234,-2.18017412834676,0.2076629994491602,1.1852009815376887,16.112245865505127,0.014492753623188406,8.225929538087557,0.05568644249303919,False
sector centuries,Kinship + Exploration & Invention,12,1300.0,4.886503183588772,1.4723719754059201,2.0006541117931684,7.772352255384376,1350.0,-4.064636315985606,-0.3440865096310426,-1.8527075609084984,0.23955499710522965,1.7389636345399964,11.01441122234382,0.0559720139930035,7.230481531972566,0.12127269698484093,False
sector centuries,Kinship + Small business,12,1100.0,4.721206374501997,0.8896934033064108,2.977407304021432,6.4650054449825625,1350.0,-5.137411160110595,-0.2180651813766553,-2.1236919339741145,0.17558393071100237,1.4855190993806766,28.15951877151943,0.00399800099950025,6.909059177691898,0.028349461632819952,True
sector centuries,Kinship + Sport & Games,12,1200.0,-4.852622084813688,1.1921035161764801,-7.189144976519589,-2.5160991931077867,1350.0,2.4351155462771668,0.7874541562702005,-0.7424472149980839,0.4781855941880805,1.446984884456504,16.570095174399604,0.017991004497751123,3.796199983555647,0.0637862886738449,False
sector centuries,Military + Academia,12,1600.0,0.7033907269581734,0.4257019477713514,-0.13098509067367536,1.5377665445900222,1350.0,-2.7922432798088406,0.33141124249987247,-2.46971196095322,0.4057723815254981,1.1257722280872031,2.730121672835191,0.5322338830584707,3.3630569246243827,0.5841662502082293,False
sector centuries,Military + Big business,12,1200.0,-3.7193631824918616,1.2963896240403558,-6.260286845610959,-1.1784395193727644,1350.0,1.2689462426440952,0.44789377101980066,-0.7597955394586287,0.1139635630710352,1.0019401603073708,8.23125550328543,0.07596201899050475,5.166591729605666,0.1539230384807596,False
sector centuries,Military + Culture (core),12,1600.0,1.3502751862216031,0.5383779989515023,0.2950543082766586,2.405496064166548,1350.0,-1.122835639387956,-0.26049799253236317,-0.7688624552772244,-0.06417096836901194,0.6219846390688569,6.290279825852355,0.17841079460269865,6.096039561938245,0.24850074962518742,False
sector centuries,Military + Culture (periphery),12,1100.0,-1.498768316998707,0.7207301130311183,-2.911399338539699,-0.08613729545771509,1350.0,-0.7900870680700977,0.045061439237047134,-1.944531052925238,-0.025381029742089146,1.0315307821569641,4.324378226496906,0.3053473263368316,2.5256628430953967,0.3721420539730135,False
sector centuries,Military + Exploration & Invention,12,1200.0,1.9246211651284966,1.73446198327526,-1.4749243220910129,5.324166652348006,1350.0,0.11872310922194516,-0.23041760228713765,1.8394035822911956,-0.18413109160877064,1.0565895563765684,1.2312916786916366,0.8585707146426786,4.793627007767716,0.8811646808174859,False
sector centuries,Military + Kinship,12,1400.0,1.3025006537328554,0.5171056561137649,0.28897356774987615,2.3160277397158344,1350.0,-0.5158318288345338,-0.21914237484967772,0.16608952552989806,-0.07097437304101308,0.6097796745734536,6.344498859523064,0.1874062968515742,4.75870707907705,0.2564507220074173,False
sector centuries,Military + Nobility,12,1300.0,0.49383685555085055,0.36629790527194883,-0.2241070387821692,1.2117807498838702,1350.0,0.5681483642565034,0.1046639620817767,0.8414501301512375,0.16626140940363152,0.39796425206126895,1.8175992176830464,0.8040979510244878,6.420483461945363,0.8362618690654673,False
sector centuries,Military + Religion,12,1300.0,-3.215530384959114,0.9211189371483672,-5.020923501769914,-1.4101372681483144,1350.0,0.047165869510998853,0.502475028713818,-2.0081535773564068,0.25692416670927243,1.2198381865662842,12.186354668641581,0.047476261869065464,4.62547226922492,0.1112091013316871,False
sector centuries,Military + Small business,12,1300.0,-3.480090893302406,0.9302354999879249,-5.303352473278739,-1.6568293133260732,1350.0,0.31764120781018906,0.5685305015733032,-1.7352685191004997,0.2801456819903829,1.7751548425018995,13.995723555284437,0.025487256371814093,5.021291771826063,0.08245877061469264,False
sector centuries,Military + Sport & Games,12,1400.0,2.6723591741035237,0.9996942875044482,0.7129583705948053,4.6317599776122425,1350.0,-0.7769033865734029,-0.1070230124404476,0.6829357862883487,0.1247219905304914,0.5640424772695788,7.145872052317151,0.09145427286356822,4.224271320310054,0.1658937972874028,False
sector centuries,Nobility + Academia,12,1000.0,-2.094194871015279,0.5428401640107299,-3.1581615924763096,-1.0302281495542485,1350.0,-0.9265194845645577,0.3964155621998443,-2.774317379100364,0.34215386444288776,0.8210035667849328,14.882991617039353,0.03398300849575212,2.109748842526133,0.09817313565439502,False
sector centuries,Nobility + Big business,12,1100.0,-2.541764983190779,0.7711936457276032,-4.053304528816882,-1.0302254375646769,1350.0,1.208219697834441,0.20796489488853165,-0.6021575321880542,0.05012816889030506,0.7096011104437315,10.862852925608946,0.054972513743128434,2.984094897527677,0.12127269698484093,False
sector centuries,Nobility + Culture (core),12,1100.0,-1.902040837382055,0.40525490706121775,-2.6963404552220416,-1.1077412195420682,1350.0,0.08092044765946477,0.26393955843222766,-1.1858246035500377,0.12817110037145862,0.6724494991118029,22.028407903495967,0.0069965017491254375,5.294007696650288,0.03898050974512744,True
sector centuries,Nobility + Culture (periphery),12,1500.0,1.9090870502578905,0.7778910992162528,0.38442049579403514,3.433753604721746,1350.0,-3.622791212263017,0.04029821853939087,-2.79832923653428,0.25921943912453077,0.9702258708928448,6.023013810759412,0.19590204897551225,3.20637506916398,0.26345447965672336,False
sector centuries,Nobility + Exploration & Invention,12,1100.0,-0.6885416871674954,0.36370021795910185,-1.401394114367335,0.024310740032344236,1350.0,-0.5362215226822458,-0.1474260579878643,-0.9497345020586456,-0.22096968727231792,0.6372545619086534,3.584044193246473,0.43428285857071464,1.193152312474867,0.4981479848311139,False
sector centuries,Nobility + Kinship,12,1000.0,-0.47331323424831107,0.19258937444097204,-0.8507884081526162,-0.09583806034400588,1350.0,1.5134028043708974,0.24276597832259267,1.125860337035094,0.20516670880359492,0.24621411309070962,6.039940366219707,0.23388305847076463,7.2289177690254,0.304047976011994,False
sector centuries,Nobility + Small business,12,1200.0,-0.7952926213316869,0.2727188502949637,-1.3298215679098155,-0.2607636747535581,1350.0,-0.154557199747789,-0.10877936375764924,-0.5962580953520642,-0.20154329626545178,0.6244432225127922,8.504006657517172,0.11594202898550725,1.874977204080694,0.19656129382117452,False
sector centuries,Nobility + Sport & Games,12,1400.0,-3.8416434323615216,1.3680258000965237,-6.5229740005507075,-1.1603128641723353,1350.0,0.9997234331708362,0.7739823288875157,-0.3398322032414609,0.3115794790515596,0.8697876461046962,7.885795845948811,0.1409295352323838,4.480538550742903,0.21553928917893994,False
sector centuries,Politics + Academia,12,1500.0,-2.4648389390869734,0.5603703261630238,-3.5631647783665,-1.3665130998074466,1350.0,-1.380681026425597,0.7439342596464975,-2.954792758363317,0.5745716783082041,2.971377867000783,19.347588118757585,0.013993003498250875,10.326951328398069,0.05568644249303919,False
sector centuries,Politics + Administration & Law,12,1600.0,-0.8714092301893954,0.2903839353513803,-1.4405617434781008,-0.30225671690069,1350.0,0.43360260660669975,0.4306052382453634,-0.038511627908472595,0.35102577657612,1.292021653070556,9.005319760595809,0.09395302348825588,12.045714735716535,0.16655308709281724,False
sector centuries,Politics + Big business,12,1600.0,-0.6943575989563702,0.1847982415691423,-1.0565621524318891,-0.3321530454808513,1350.0,0.9333495501400038,0.10797838958971698,0.5702479482875883,0.042420982119297485,0.7980766139434223,14.117920000314253,0.027486256871564217,4.047038988543324,0.08245877061469264,False
sector centuries,Politics + Culture (core),12,1300.0,-1.6635060427321797,0.2880925175247795,-2.2281673770807475,-1.098844708383612,1350.0,-0.3396754795263408,0.055462153922088274,-1.6769805030605027,-0.007913563614570455,0.833730901388463,33.34147495270238,0.0034982508745627187,3.2092785778623782,0.028349461632819952,True
sector centuries,Politics + Culture (periphery),12,1600.0,3.216603738643372,1.1118940720437671,1.0372913574375886,5.395916119849155,1350.0,-2.8111443510405922,-0.28214367087159864,-1.1550284570514682,0.021697277719049647,1.167279303128975,8.36889839279677,0.08945527236381809,9.381601400684602,0.1658937972874028,False
sector centuries,Politics + Exploration & Invention,12,1600.0,-2.6187646832154132,0.543094086823161,-3.6832290933888086,-1.5543002730420177,1350.0,-0.37813792220284986,0.4793700717333786,-0.6517769284799939,0.027092401871019432,0.9470763660568149,23.251062430028767,0.005497251374312844,7.5399743438554845,0.03573213393303348,True
sector centuries,Politics + Kinship,12,1600.0,-0.6543684106040666,0.1806588324107369,-1.008459722129111,-0.3002770990790222,1350.0,-0.4504892191455246,0.16286780024312325,-0.5482167639366116,0.05392890044824199,0.34255403232458,13.119770960123779,0.03698150924537731,3.9664467316320664,0.0994675076254976,False
sector centuries,Politics + Military,12,1600.0,-0.4034048194116804,0.4636501076062003,-1.312159030319833,0.5053493914964722,1350.0,0.6171525929495316,0.1342475404421847,0.45849322406284604,0.0838891413003368,0.5744045752868917,0.7570096834087752,0.9500249875062469,11.82774844783797,0.9623629743569774,False
sector centuries,Politics + Nobility,12,1600.0,-0.5661095215277738,0.10729015560265408,-0.7763982265089758,-0.3558208165465718,1350.0,0.45649245151527335,0.048942810026766176,0.35787971637614174,-0.03557377219042269,0.18462951271331546,27.840765261757426,0.0029985007496251873,5.186464055818703,0.028349461632819952,True
sector centuries,Politics + Religion,12,1100.0,-1.219508744441447,0.579814885103417,-2.355945919244144,-0.08307156963874962,1350.0,0.5103320714759806,0.07989157429826382,-0.5069498669948689,0.035726738035398005,0.526820637560285,4.423755510430545,0.3453273363318341,3.689363705126329,0.4143928035982009,False
sector centuries,Politics + Small business,12,1500.0,-1.024940062291485,0.4904430030172896,-1.9862083482053725,-0.06367177637759747,1350.0,0.038242373466205064,0.28998850538539345,-0.5753604305764939,0.20697179481832306,0.932763195914977,4.3673686457673115,0.30434782608695654,6.093020805490366,0.3721420539730135,False
sector centuries,Politics + Sport & Games,12,1300.0,-4.616033572991704,0.44502662654147085,-5.488285761012986,-3.743781384970421,1350.0,1.3904893324735021,0.47325450518350226,-1.326593356433283,0.11655514603990755,1.247003347500094,107.58851800877518,0.0004997501249375312,5.207842945379674,0.016705932747911757,True
sector centuries,Religion + Academia,12,1300.0,-0.7504778785695879,0.21366181578314983,-1.1692550375045616,-0.3317007196346143,1350.0,2.2320063753304473,-0.0358348234661185,1.711377012391231,-0.08520763694085157,0.306125568411986,12.337352141310022,0.03648175912043978,5.200354346026711,0.0994675076254976,False
sector centuries,Religion + Big business,12,1100.0,-2.152653797777449,0.6088448861693136,-3.3459897746693037,-0.9593178208855941,1350.0,-0.22887429641651644,0.06471853638845214,-1.619493772299293,-0.09564204492109851,1.2692424529819297,12.500720760996588,0.03948025987006497,2.5561026336373547,0.10264867566216893,False
sector centuries,Religion + Culture (core),12,1500.0,0.7657529109096092,0.3783331770928644,0.02421988380759499,1.5072859380116235,1350.0,0.9749676447370003,-0.3327129537956445,1.2006350517969162,-0.22290569528328033,0.49936528720036605,4.096646194507676,0.3708145927036482,8.332823706982886,0.4316946004609636,False
sector centuries,Religion + Culture (periphery),12,1600.0,2.2302569668117744,0.8380583190863092,0.5876626614026084,3.8728512722209407,1350.0,0.11012293665709774,-0.7166802727596521,0.478719916452381,-0.34833539839391103,0.984341445598275,7.082088121625748,0.1454272863568216,6.426543781831248,0.21814092953523237,False
sector centuries,Religion + Exploration & Invention,12,1000.0,1.8390408918447263,1.0824755148873784,-0.28261111733453514,3.9606929010239877,1350.0,-1.7259034335969718,-0.38477611914896354,-0.1617466773720819,-0.3177470416373634,1.0373185989689964,2.8863341576273776,0.5392303848075962,2.0706406883439317,0.5841662502082293,False
sector centuries,Religion + Kinship,12,1600.0,0.9269951428811752,0.3546059283083269,0.23196752339685456,1.622022762365496,1350.0,-0.8315600022791768,0.04178998531411775,-0.657121625618331,0.18187096892352514,0.3758380826302624,6.833810527205337,0.17491254372813594,4.514277278608754,0.24805778928717462,False
sector centuries,Religion + Nobility,12,1000.0,-0.6500340584225841,0.23098333305850838,-1.1027613912172605,-0.1973067256279077,1350.0,-0.4381874154625541,0.08511029705848827,-0.95529578764093,0.03523131043031331,0.29019123590988255,7.919740220659222,0.12643678160919541,2.2702798169278866,0.20126671358198453,False
sector centuries,Religion + Small business,12,1600.0,0.5812664887382955,0.21002598424414962,0.1696155596197622,0.9929174178568287,1350.0,0.0942361200116776,-0.3234635924685467,0.12015969237155608,-0.2128787331248405,0.38137496833634077,7.659572197665355,0.1184407796101949,2.0425360157831345,0.19656129382117452,False
sector centuries,Religion + Sport & Games,12,1300.0,-0.7132310975180334,0.6511255762299595,-1.989437226928754,0.5629750318926872,1350.0,0.21686574866307035,0.2773623618411175,-0.153769013447002,0.21292925439429303,0.9222279982063345,1.1998612601858056,0.7856071964017991,1.4881280348780574,0.8280724502613558,False
sector centuries,Small business + Academia,12,1600.0,-0.17834982548671477,0.26590349101052413,-0.699520667867342,0.34282101689391253,1350.0,0.47934357795347576,-0.022464912864619234,0.44891557229430856,-0.05103469419280229,0.40832867772618164,0.4498806346386293,0.993503248375812,3.563152161266212,0.993503248375812,False
sector centuries,Small business + Culture (core),12,1500.0,0.5291751034173389,0.23015022094362175,0.07808067036784022,0.9802695364668375,1350.0,0.903681723366337,-0.2705153780595083,1.1717840401111075,-0.2200272642703646,1.278850949708184,5.286594677633874,0.27636181909045476,3.6465329639721475,0.34768099821057213,False
sector centuries,Small business + Culture (periphery),12,1100.0,6.008021628659364,0.8609817742633151,4.320497351103266,7.695545906215462,1350.0,-3.279044538143243,-0.6458769602812892,0.021397372500437856,-0.08913150506733158,1.2013259192457078,48.693955952100865,0.0014992503748125937,14.594923492466268,0.016705932747911757,True
sector centuries,Small business + Exploration & Invention,12,1400.0,3.2531574575035465,0.808227494993221,1.6690315673168334,4.83728334769026,1350.0,-1.6184277338352295,-0.22826795239126468,-0.03121120017243782,0.11994364774737548,0.8187430771892465,16.201041235425457,0.019490254872563718,5.547982907705127,0.0660973860895639,False
sector centuries,Small business + Sport & Games,12,1200.0,-2.877315107897155,0.8857630081718071,-4.613410603913897,-1.1412196118804132,1350.0,1.680137045191132,0.3173628233657908,0.17947687046163371,0.060288750301981206,0.9521667434172105,10.552121279259424,0.044977511244377814,5.016818877558527,0.11085082458770615,False
sector half-centuries,Academia + Culture (core),11,1650.0,1.1339366636626156,0.2909493996054174,0.5636758404359975,1.7041974868892336,1650.0,0.4651692630665345,-0.47299282622184585,1.0578996315658378,-0.23639839544525817,0.3307278278224937,15.189471541204178,0.02448775612193903,12.75213457782101,0.1191071131101116,False
sector half-centuries,Academia + Culture (periphery),11,1650.0,1.4062998181000195,0.3749270476186754,0.6714428047674157,2.1411568314326233,1650.0,-0.9600436292137944,-0.5031142098907825,-0.07031133042957033,-0.27683056032781683,0.7446524309691045,14.06896979306154,0.031984007996002,4.870052168393193,0.12225705329153605,False
sector half-centuries,Academia + Exploration & Invention,11,1750.0,-0.43318779650628025,0.11546742322691278,-0.6595039460310292,-0.2068716469815312,1650.0,0.6418231443094206,0.35268488621097366,0.5331252399558833,0.21515768214780956,0.22185779176429923,14.074516305337779,0.034482758620689655,2.4731642309695756,0.12225705329153605,False
sector half-centuries,Academia + Sport & Games,11,1650.0,1.912748942624594,0.5512881801418192,0.8322241095466283,2.99327377570256,1650.0,-1.29529082979987,-0.6465380475830534,0.1276965855453026,-0.43451047258985587,1.0406247645686648,12.038117524061887,0.04247876061969016,1.9113942763047487,0.12743628185907047,False
sector half-centuries,Administration & Law + Academia,11,1700.0,-1.192837961746238,0.40309993960595414,-1.982913843373908,-0.40276208011856784,1650.0,0.5425720375793035,0.05182118104599926,0.09878042079445523,-0.2768386060101643,0.3273316493676844,8.756638835805122,0.10394802598700649,7.249863878745433,0.20789605197401295,False
sector half-centuries,Administration & Law + Big business,11,1700.0,-2.4845317305285533,0.661089311152498,-3.7802667803874495,-1.188796680669657,1650.0,-0.10011267059848855,0.9043562368871346,-1.2237226492105113,0.30467583106376733,1.2181572747634157,14.12436150528073,0.03398300849575212,5.585287810684763,0.12225705329153605,False
sector half-centuries,Administration & Law + Culture (core),11,1750.0,-0.4874690552255433,0.16528236669678914,-0.81142249395125,-0.1635156164998366,1650.0,-0.712722564637695,-0.15585184165992264,-0.8024647023272445,-0.3247993077534602,0.3599805987540684,8.698433698115654,0.11694152923538231,2.926597642399933,0.21484606533942333,False
sector half-centuries,Administration & Law + Culture (periphery),11,1700.0,2.2627403495599094,0.5425027305766752,1.1994349976296261,3.3260457014901927,1650.0,-2.45072728494519,-0.721016156159091,-1.0055486793803252,-0.3364793670852935,1.314823591673806,17.39664838503935,0.020989505247376312,3.9186275539114446,0.1191071131101116,False
sector half-centuries,Administration & Law + Exploration & Invention,11,1750.0,0.5314614658023445,0.2939270756271325,-0.044635602426835175,1.1075585340315244,1650.0,-1.4506138421286061,-0.6016159785594384,-1.3003509303021719,-0.428190742807106,0.41946597049595796,3.2693722684612045,0.4892553723138431,1.2953263709505056,0.5300266533399967,False
sector half-centuries,Administration & Law + Kinship,11,1700.0,-1.065833755258774,0.2857302206854056,-1.625864987802169,-0.5058025227153791,1650.0,-1.0442669301521894,0.1861593418789422,-1.4010616256138733,-0.14582827035556034,0.4951657061880095,13.914467394916098,0.030984507746126936,2.271105797198304,0.12225705329153605,False
sector half-centuries,Administration & Law + Military,11,1650.0,-2.083781865746221,0.3883570059541468,-2.844961597416349,-1.3226021340760932,1650.0,0.4989033724940822,0.7092839733292372,-0.4727856069544589,0.18815110625080983,0.5439504202891505,28.790036800749416,0.004497751124437781,7.060596159355771,0.08575712143928035,False
sector half-centuries,Administration & Law + Nobility,11,1700.0,-0.5945416727889838,0.18026574772866194,-0.9478625383371613,-0.24122080724080647,1650.0,-0.21868012550593138,0.09731988487663681,-0.4213949201639597,-0.08240278511500207,0.20816304421446163,10.877727444054804,0.06846576711644178,2.178199359655951,0.16182817682068057,False
sector half-centuries,Administration & Law + Religion,11,1500.0,-1.6755200865963173,0.6117658669523569,-2.8745811858229366,-0.47645898736969783,1650.0,0.4894641571619336,-0.08102402420673788,-0.60846588931122,-0.39335568442485447,0.6320851530238801,7.501166284860003,0.13243378310844578,5.577944566713406,0.2347492920206563,False
sector half-centuries,Administration & Law + Small business,11,1700.0,-0.833717187727303,0.23089039494838218,-1.286262361826132,-0.3811720136284739,1650.0,-0.9285532797775006,0.008773400720198398,-1.2622357575935843,-0.2268415364068354,0.27787967649523676,13.038444315941831,0.041979010494752625,1.9610615893791796,0.12743628185907047,False
sector half-centuries,Administration & Law + Sport & Games,11,1500.0,-1.4603693235088295,0.6076342300850881,-2.6513324144756023,-0.269406232542057,1650.0,0.8009618958397924,0.1348254543589673,-0.3540282277888516,0.0006229800342100579,0.6802438476219763,5.776182958216005,0.16391804097951024,1.3207730381317078,0.26038980509745124,False
sector half-centuries,Big business + Academia,11,1750.0,-0.8121631063790965,0.21093103672013896,-1.2255879383505688,-0.39873827440762416,1650.0,-1.3062129076902185,0.5403582421333238,-1.4871141183437258,0.27463859899635873,0.3930359945488152,14.825369965748642,0.027486256871564217,2.574663261561403,0.1191071131101116,False
sector half-centuries,Big business + Culture (core),11,1750.0,-0.29275981108960897,0.1212313421414787,-0.5303732416869072,-0.055146380492310715,1650.0,-0.6835974890787654,-0.01788127335600807,-0.7457462402351183,-0.11633883083703078,0.19433999330978122,5.831672010245146,0.20689655172413793,1.3364621427273722,0.2881773399014778,False
sector half-centuries,Big business + Culture (periphery),11,1700.0,-1.0471189876084852,0.2511735376978626,-1.5394191214962958,-0.5548188537206745,1650.0,-0.6865435467081072,0.4418287647247989,-1.2359739901900195,0.2276521076698778,0.5608132552084727,17.379781195677293,0.019490254872563718,1.789100733712518,0.1191071131101116,False
sector half-centuries,Big business + Exploration & Invention,11,1650.0,-0.7751523947019235,0.43296612143855906,-1.6237659927214994,0.07346120331765216,1650.0,1.7543822260030486,0.18785981732081963,1.229807267353213,0.07038711757176667,0.4693577479127428,3.2052828197626497,0.48425787106446777,2.3909588557014203,0.5300266533399967,False
sector half-centuries,Big business + Small business,11,1650.0,0.6504741350284186,0.1683228440908519,0.32056136061034884,0.9803869094464883,1650.0,1.3748614829236818,-0.6233555801519902,1.7834225357421403,-0.49945791756513325,0.3577121627579191,14.933924220388182,0.026486756621689155,2.3320019607282627,0.1191071131101116,False
sector half-centuries,Big business + Sport & Games,11,1500.0,-1.315304825268772,0.5204679651158838,-2.3354220368959044,-0.2951876136416398,1650.0,0.9084379043514266,0.8001361264221001,0.1328440169608895,0.5672065625224112,0.6168207140583001,6.3865279792263445,0.14142928535732133,4.627558015485774,0.23981487517111008,False
sector half-centuries,Culture (core) + Culture (periphery),11,1700.0,0.6656142130451641,0.15060414499066194,0.37043008886346673,0.9607983372268615,1650.0,1.656678550941349,-0.39994377767803635,1.9376932370147253,-0.23615614376848523,0.2251715717805691,19.533106782745847,0.015492253873063468,7.4562682291425695,0.1191071131101116,False
sector half-centuries,Culture (core) + Sport & Games,11,1750.0,-0.671754972765742,0.34627147148184123,-1.3504470568701508,0.006937111338666813,1650.0,0.8825906285393764,-0.28555737290143135,0.6557781420981201,-0.4710706039884137,0.424247503828401,3.763469104397373,0.3873063468265867,2.4008777692823844,0.46476761619190404,False
sector half-centuries,Culture (periphery) + Sport & Games,11,1750.0,-1.9245187059342157,0.4273412943866614,-2.762107642932072,-1.0869297689363595,1650.0,0.1228059031533821,0.5705328337168678,-0.83188917441981,0.17098817976472763,0.8881039335981189,20.281242186386436,0.010994502748625687,2.220793266509242,0.10719640179910045,False
sector half-centuries,Exploration & Invention + Culture (core),11,1700.0,0.9385327987932867,0.16546587296824955,0.6142196877755175,1.2628459098110558,1650.0,-0.9194963214287915,-0.5853416098417601,-0.5017205367975265,-0.34875111940770465,0.25986447324673834,32.17229476588641,0.005497251374312844,1.982189671881282,0.08575712143928035,False
sector half-centuries,Exploration & Invention + Culture (periphery),11,1600.0,1.295148111116193,0.27387231765737285,0.7583583685077423,1.8319378537246438,1650.0,-0.0796541287102796,-0.8720799471453657,0.7387999181015285,-0.6453937134289578,0.5814772852030272,22.363645475346786,0.00849575212393803,2.344265767662338,0.10580424073677448,False
sector half-centuries,Exploration & Invention + Sport & Games,11,1500.0,1.067422677056406,0.6617927835545211,-0.2296911787104554,2.3645365328232675,1650.0,-0.9426621593164926,0.35204785037996317,-0.4120985867823373,0.5825637325988133,1.295839438265398,2.601529744554192,0.4217891054472764,1.894131125244004,0.4855366434429844,False
sector half-centuries,Kinship + Academia,11,1700.0,2.0536647895919082,0.722889882615035,0.6368006196664397,3.4705289595173765,1650.0,-1.5696797360263226,-0.2996781032574755,-0.6415827826576396,0.23703242576197722,1.0182537989742924,8.07076721647243,0.11794102948525736,8.190641637766193,0.21484606533942333,False
sector half-centuries,Kinship + Big business,11,1650.0,0.21016119606081501,0.15861252820464442,-0.10071935922028802,0.5210417513419181,1650.0,-0.0344810205009548,0.0653872942709183,0.08794708517929452,0.10839390969220683,0.24271867639571418,1.7556182533931466,0.7786106946526736,1.0,0.7887225218559551,False
sector half-centuries,Kinship + Culture (core),11,1650.0,0.571180567788067,0.2235951605187352,0.13293405317134604,1.009427082404788,1650.0,-0.40352256973068656,0.11085863007879063,-0.1290332264278053,0.2447767700560642,0.2476440006268898,6.52562403246011,0.17891054472763618,3.392394974254558,0.2683658170914543,False
sector half-centuries,Kinship + Culture (periphery),11,1600.0,1.4061577567340289,0.5596294583484538,0.30928401837105945,2.503031495096998,1650.0,-1.6237916362755997,-0.2787573421851545,-0.7140201239970584,-0.036907703710685434,0.872119144654509,6.313453109062987,0.19740129935032483,3.130017707605517,0.28513521017269144,False
sector half-centuries,Kinship + Exploration & Invention,11,1750.0,0.6797343620934747,0.5067239904885826,-0.3134446592641472,1.6729133834510965,1650.0,-0.7416352749517725,-0.19623524909744397,-0.5510144565781091,0.024656904008872077,0.42559315154030447,1.7994323246170147,0.7561219390304847,2.4407717648830114,0.7760198847944448,False
sector half-centuries,Kinship + Small business,11,1500.0,0.8385229005182762,0.3104714369869937,0.22999888402376856,1.4470469170127838,1650.0,-1.6010156654027334,-0.27868364613021945,-0.9367661938368378,-0.17596742725706938,0.31427123950164304,7.29434923380216,0.1634182908545727,1.7080364963399153,0.26038980509745124,False
sector half-centuries,Kinship + Sport & Games,11,1750.0,-0.8400131777095047,0.35681138043399946,-1.5393634833601437,-0.14066287205886574,1650.0,0.45236813625927785,0.7331239891648869,0.13168702192007517,0.5144609754299143,0.5556782352342169,5.542360909129116,0.20189905047476261,1.9660457454370788,0.2863295624914815,False
sector half-centuries,Military + Academia,11,1750.0,0.7129163469628976,0.2456723950819372,0.23139845260230074,1.1944342413234945,1650.0,-1.5995919045212244,0.1731500632764129,-1.4852719230792888,0.43258321257369436,0.46926670313232466,8.421014719637533,0.1184407796101949,3.6277541664112958,0.21484606533942333,False
sector half-centuries,Military + Big business,11,1650.0,-2.028389994097744,0.5666506164255075,-3.1390252022917386,-0.9177547859037491,1650.0,0.06867151781022565,0.7573902334081274,-1.1413436911537453,0.3838372839692827,0.8529369632223247,12.813630254194633,0.03648175912043978,3.9133714032430165,0.12372074832149141,False
sector half-centuries,Military + Culture (core),11,1700.0,1.4491721311565606,0.4855451228023842,0.49750369046388754,2.400840571849234,1650.0,-1.644957604554004,-0.3525438821151247,-1.0099398789286664,0.02262313675067911,0.516413411905733,8.908011212208338,0.09995002498750624,6.450541534087862,0.20516057760593387,False
sector half-centuries,Military + Culture (periphery),11,1750.0,0.5572894221809975,0.17945735696309925,0.20555300253332298,0.9090258418286721,1650.0,-2.2357997895215167,-0.06134941450237601,-2.1096559104461288,0.12425227598444737,0.35811614641585127,9.643597269576832,0.08245877061469266,1.1784084912614825,0.17866066966516744,False
sector half-centuries,Military + Exploration & Invention,11,1750.0,0.7397445170695278,0.33073527914178297,0.09150336995163322,1.3879856641874224,1650.0,1.3003998007834958,-0.4910339746016089,1.4510126475120875,-0.2273852201351032,0.7388697969207175,5.002677003074339,0.2783608195902049,4.990906374730206,0.35019586980703205,False
sector half-centuries,Military + Kinship,11,1700.0,0.4963239922650768,0.3025374614224942,-0.09664943212301186,1.0892974166531655,1650.0,-0.1273403899196071,-0.20306141688226365,0.05360401790065936,-0.04751662894044939,0.35099590635153827,2.691362656053596,0.5957021489255372,3.0102365217655964,0.6279022650836743,False
sector half-centuries,Military + Nobility,11,1750.0,0.5567038845985938,0.20217406313276798,0.16044272085836853,0.952965048338819,1650.0,1.2460831723245216,0.0073926613952213435,1.363417890023785,0.14457038690743654,0.2160078393932636,7.582241710308271,0.13543228385807096,5.848609083912391,0.2347492920206563,False
sector half-centuries,Military + Religion,11,1550.0,-1.6746426744333553,0.483531354664577,-2.622364129575926,-0.7269212192907845,1650.0,-0.718668443230686,0.7994627942331684,-1.831182518037078,0.5226033083057416,0.7110206161068189,11.994855641291817,0.06096951524237881,3.045613431082016,0.15852073963018493,False
sector half-centuries,Military + Small business,11,1600.0,-2.0517387821675976,0.7924433016678983,-3.604927653436678,-0.49854991089851697,1650.0,-0.22314987695748706,0.9651482609944886,-1.657560860868488,0.6800794779869092,0.9590419033802915,6.703594526233998,0.17191404297851073,4.735206961307328,0.262927359849487,False
sector half-centuries,Military + Sport & Games,11,1750.0,1.2406274823054526,0.546625206879927,0.16924207682079562,2.3120128877901096,1650.0,0.6046966429259911,-0.18269392981126667,1.1819502818652392,0.10459703841796206,0.7515733272053341,5.151141564115482,0.2433783108445777,3.6165011827913878,0.3273018663082252,False
sector half-centuries,Nobility + Academia,11,1600.0,-0.3171736146395604,0.2554867334893619,-0.8179276122787097,0.1835803829995889,1650.0,-1.7680994452656218,0.5138039700253644,-1.9434779436276162,0.4433719981514909,0.22959286422731817,1.541194306035579,0.8335832083958021,1.5217683843259036,0.8335832083958021,False
sector half-centuries,Nobility + Big business,11,1700.0,-1.0100990423123737,0.5426511973364635,-2.073695389091842,0.053497304467094775,1650.0,-0.4386531822239149,0.5674382462073733,-0.7549322185324813,0.254221840965566,0.4352702518019068,3.4648655540299367,0.45327336331834084,2.8191837974625416,0.5123959759250809,False
sector half-centuries,Nobility + Culture (core),11,1700.0,0.4367808745840641,0.1813214562028507,0.08139082042647677,0.7921709287416514,1650.0,-1.362654871970539,0.18784849914306123,-1.216630481943495,0.31945547546812936,0.17404886386556956,5.802682798278094,0.23338330834582707,1.978444990164933,0.31936663247323704,False
sector half-centuries,Nobility + Culture (periphery),11,1650.0,1.41485697475028,0.46981301139021836,0.49402347242545197,2.335690477075108,1650.0,-2.543535395940685,-0.1685974581067664,-1.8050276312013849,0.17565013770445562,0.6999422229516329,9.069325716903169,0.09295352323838081,2.448189729406195,0.19595607601604603,False
sector half-centuries,Nobility + Exploration & Invention,11,1700.0,0.9886298665749332,0.2027404000539781,0.5912586824691362,1.3860010506807303,1650.0,-1.9665391335169677,-0.4353717260773937,-1.554096226499162,-0.1550397326723812,0.30069302085517946,23.778631385121482,0.009495252373813094,1.0,0.10580424073677448,False
sector half-centuries,Nobility + Kinship,11,1550.0,-0.5724140614054718,0.17539577252444283,-0.9161897755533797,-0.22863834725756388,1650.0,2.125308075700143,0.41697590317031724,1.7592410161888234,0.2676598056533394,0.20834744788833223,10.65080281162719,0.0769615192403798,5.30818290583351,0.1715142428785607,False
sector half-centuries,Nobility + Small business,11,1650.0,0.3313550128203037,0.2220517113175893,-0.10386634136217132,0.7665763670027788,1650.0,-1.4092279908351535,-0.186944377734264,-1.2494317082052373,-0.09025011081160793,0.19247004133907528,2.226787840017817,0.6741629185407296,1.129112383219797,0.7011294352823588,False
sector half-centuries,Nobility + Sport & Games,11,1500.0,-1.8098878706784993,1.041299000284802,-3.850833911236711,0.2310581698797125,1650.0,1.1685360841954375,0.5260854370285715,-0.05082874746715973,0.2628616486672945,0.5625615376450438,3.0210119013519794,0.496751624187906,2.2317027711007036,0.5307757080363927,False
sector half-centuries,Politics + Academia,11,1550.0,-1.832602664403916,0.33405105486662595,-2.487342731942503,-1.1778625968653291,1650.0,0.08224927814130191,0.6640832479081216,-1.3827225833962749,0.5008370286583854,0.9839328536375412,30.096149274508775,0.00399800099950025,6.852424571139432,0.08575712143928035,False
sector half-centuries,Politics + Administration & Law,11,1700.0,-0.6223326630631084,0.1722327256983468,-0.9599088054318681,-0.2847565206943487,1650.0,1.3167431148715594,0.40646666580418883,0.9389895876462087,0.28845464742894616,0.4062365763515772,13.05611123997556,0.027486256871564217,10.002307098186753,0.1191071131101116,False
sector half-centuries,Politics + Big business,11,1650.0,-0.5434056141052716,0.16268092960704322,-0.8622602361350762,-0.22455099207546686,1650.0,1.216790083368229,0.019941372299427815,0.8135537490711827,-0.05039234260828643,0.3206369403741214,11.157706957208795,0.06446776611694154,3.2227079412738013,0.16182817682068057,False
sector half-centuries,Politics + Culture (core),11,1600.0,-0.6005520994958131,0.18443971779527618,-0.9620539463745544,-0.2390502526170718,1650.0,-1.4720921212546025,0.18801972157515057,-1.8811839566823385,0.10160283234670177,0.38411731853294273,10.602114277279401,0.07246376811594203,2.528339067974116,0.16624040920716113,False
sector half-centuries,Politics + Culture (periphery),11,1750.0,1.6914948679011945,0.4918603852906784,0.7274485127314649,2.655541223070924,1650.0,-1.9237464966630098,-0.2890818434299883,-1.0084084906587176,0.05718895439179146,1.36108802859016,11.826539253704645,0.04247876061969016,7.728895506667239,0.12743628185907047,False
sector half-centuries,Politics + Exploration & Invention,11,1650.0,-2.2171340511983373,0.5191466582668653,-3.2346615014013933,-1.1996066009952813,1650.0,0.6985605545338347,0.33110816361205814,-0.4453826777216777,-0.1755960874349747,0.5916284786168368,18.239115702483417,0.015992003998001,6.148927613689999,0.1191071131101116,False
sector half-centuries,Politics + Kinship,11,1700.0,-0.7407908414409035,0.26901000337395425,-1.2680504480538537,-0.2135312348279531,1650.0,-0.04237219137496662,0.2332307152346102,-0.318926760338593,0.012898800612126088,0.23672050894583896,7.583232106385584,0.1469265367316342,4.816965641730482,0.24383552904398867,False
sector half-centuries,Politics + Military,11,1700.0,-0.5746239362576749,0.28212459969818454,-1.1275881516661166,-0.021659720849233288,1650.0,0.9669045067081833,0.17544914044495943,0.7264290616745548,0.01272176264824055,0.2456693507705858,4.148446693063172,0.3553223388305847,10.714435226660246,0.4373125937031484,False
sector half-centuries,Politics + Nobility,11,1650.0,-0.5761036281011792,0.19847043815039833,-0.96510568687596,-0.1871015693263985,1650.0,0.6163098795667161,0.049596259798864346,0.35084271171446463,-0.12412612199310549,0.19634953179802195,8.425769295762118,0.11444277861069466,4.788979002713416,0.21484606533942333,False
sector half-centuries,Politics + Religion,11,1700.0,-0.3887378021374971,0.16869170680046872,-0.7193735474664158,-0.05810205680857844,1650.0,-0.31598953518134193,0.1253677985013272,-0.45209420273193746,0.005559287863674865,0.17489750774198778,5.310385937860961,0.2588705647176412,2.868170765899356,0.33420994420822375,False
sector half-centuries,Politics + Small business,11,1550.0,-1.4299847627741318,0.6355021518518275,-2.6755689804037135,-0.18440054514455007,1650.0,0.9519091685631089,0.4423292320992091,-0.18309904390361853,0.2974008382932559,0.6379904960384751,5.063242975149479,0.2613693153423288,7.66228031756349,0.33420994420822375,False
sector half-centuries,Politics + Sport & Games,11,1650.0,-1.6509510912541936,0.5118164605225992,-2.6541113538784877,-0.6477908286298992,1650.0,-0.7631738836981111,0.7724759876377676,-1.7423738603622976,0.4838538595123087,0.3841590959314161,10.404948071233996,0.049475262368815595,2.2489681904082657,0.14292853573213393,False
sector half-centuries,Religion + Academia,11,1750.0,-0.2874023877088257,0.12317308154737612,-0.5288216275416828,-0.04598314787596852,1650.0,1.4548890998940684,0.02012431543774117,1.3843399432499919,-0.06869132273750254,0.13523337725050577,5.444388779581385,0.25987006496751625,3.903251391262169,0.33420994420822375,False
sector half-centuries,Religion + Big business,11,1750.0,-0.39375122843161653,0.2093759614118575,-0.8041281127988572,0.01662565593562415,1650.0,-2.389259263304527,0.35815913198902716,-2.5593632903090815,0.2674372895358842,0.38005485644213877,3.536634720778555,0.41829085457271364,1.0,0.4855366434429844,False
sector half-centuries,Religion + Culture (core),11,1550.0,0.6920282414979216,0.35729300358818833,-0.00826604553492749,1.3923225285307708,1650.0,0.17527795585483197,-0.3153197489033458,0.6345765480795365,-0.19127296365830587,0.3248510234299005,3.7514452487268892,0.42328835582208896,7.5877709382799665,0.4855366434429844,False
sector half-centuries,Religion + Culture (periphery),11,1700.0,2.092129961047677,0.8323137669598261,0.46079497780641776,3.723464944288936,1650.0,-1.3101474567972484,-0.8061382483950451,-0.5146674673782745,-0.18385945820307242,0.7868050959277935,6.3183424633214935,0.1904047976011994,5.856487716280921,0.2802183813753501,False
sector half-centuries,Religion + Exploration & Invention,11,1500.0,3.5680612783959798,0.8385932122852229,1.9244185823169428,5.211703974475016,1650.0,-4.2508382871948704,-0.5308237264940502,-1.6220190948133104,0.09472089898186603,0.9493348457316685,18.103474022143892,0.01999000499750125,5.041211306486058,0.1191071131101116,False
sector half-centuries,Religion + Kinship,11,1700.0,0.9735562279833105,0.2735641081062992,0.4373705760949641,1.5097418798716569,1650.0,-0.6013876184638053,0.048683593185060825,-0.23669315549194564,0.341164777485281,0.2558795447124684,12.664960654522963,0.05297351324337831,3.1974064609487183,0.14756907260655389,False
sector half-centuries,Religion + Nobility,11,1550.0,-0.4863191880754137,0.1823233461239426,-0.8436729464783412,-0.1289654296724862,1650.0,-0.5432567991701457,0.21196630881542977,-0.8520978598834152,0.08258477614665452,0.21169251417858778,7.114727078735084,0.16691654172913542,1.7617818447232776,0.26038980509745124,False
sector half-centuries,Religion + Small business,11,1600.0,0.6231007804681358,0.29861477353960014,0.037815824330519554,1.208385736605752,1650.0,-0.842622121706283,-0.2954892056570632,-0.4866190185695208,-0.1494851311108132,0.27143348939419026,4.354055999755356,0.3588205897051474,2.1348675550809406,0.4373125937031484,False
sector half-centuries,Religion + Sport & Games,11,1750.0,2.122508892659814,0.6113644399829248,0.9242345902932814,3.3207831950263467,1650.0,-0.08725034684595777,-0.5736781998488063,1.068553464285388,-0.15150081121627898,1.3513910983791726,12.053098014014815,0.05547226386806597,3.2251866216259293,0.1492012614382464,False
sector half-centuries,Small business + Academia,11,1750.0,-0.519031062654094,0.06602422387159372,-0.6484385414424177,-0.38962358386577034,1650.0,0.4544789341244684,0.06808066292650504,0.3602657712937078,-0.11232383971493654,0.21686887022790824,61.79880690922955,0.0004997501249375312,3.050067655878316,0.019490254872563718,True
sector half-centuries,Small business + Culture (core),11,1750.0,-0.5479789999760893,0.07401976179128295,-0.6930577330870039,-0.40290026686517477,1650.0,0.6879765258448125,-0.014853072198254349,0.5914930762816134,-0.20417022254134587,0.2166561175409445,54.80655000404811,0.0004997501249375312,3.7747181720679754,0.019490254872563718,True
sector half-centuries,Small business + Culture (periphery),11,1600.0,1.5176673258164037,0.396752387294829,0.740032646718539,2.2953020049142685,1650.0,0.15566471978890298,-1.0236680573465697,1.12401998212634,-0.7468479267311524,0.5001104156830879,14.632349677534554,0.026986506746626688,5.494826235133544,0.1191071131101116,False
sector half-centuries,Small business + Exploration & Invention,11,1700.0,1.168389344640285,0.3530567917417685,0.4763980328264188,1.8603806564541514,1650.0,0.4158050558961223,-0.47383772890379194,1.0324364287189858,-0.20416421672539084,1.2364189224015183,10.951813374000148,0.06746626686656672,3.4252609793119038,0.16182817682068057,False
sector half-centuries,Small business + Sport & Games,11,1500.0,1.6091610663361737,0.9542300079308339,-0.2611297492082607,3.479451881880608,1650.0,-1.6402176848185306,-0.022007570744199567,-0.6661112986527566,0.25609798481775403,1.19690341032198,2.8437596838594033,0.47476261869065467,2.7706854993991796,0.5290212036838723,False
