layer,period,node,coreness,cp_fit
sector,all,Politics,0.440110206265059,0.44647218580421055
sector,all,Administration & Law,0.17209003700629064,0.44647218580421055
sector,all,Military,0.842171121953284,0.44647218580421055
sector,all,Religion,0.3057311757497557,0.44647218580421055
sector,all,Nobility,1.0,0.44647218580421055
sector,all,Kinship,0.9417611856483411,0.44647218580421055
sector,all,Big business,0.5847764115661009,0.44647218580421055
sector,all,Small business,0.30577466111995455,0.44647218580421055
sector,all,Academia,0.25039853003273527,0.44647218580421055
sector,all,Exploration & Invention,0.6319893000191692,0.44647218580421055
sector,all,Culture (core),0.04205963200223103,0.44647218580421055
sector,all,Culture (periphery),0.01382172812806745,0.44647218580421055
sector,all,Sport & Games,0.8347000616456605,0.44647218580421055
sector,Pre-1000,Politics,0.09156523562324077,0.6542631157678146
sector,Pre-1000,Administration & Law,0.577496525288361,0.6542631157678146
sector,Pre-1000,Military,0.09312951886828649,0.6542631157678146
sector,Pre-1000,Religion,0.7983718055755946,0.6542631157678146
sector,Pre-1000,Nobility,0.000723052654260489,0.6542631157678146
sector,Pre-1000,Kinship,7.283677005357464e-05,0.6542631157678146
sector,Pre-1000,Big business,0.8381269635246109,0.6542631157678146
sector,Pre-1000,Small business,0.8126437547931624,0.6542631157678146
sector,Pre-1000,Academia,1.0,0.6542631157678146
sector,Pre-1000,Exploration & Invention,0.9130133159275894,0.6542631157678146
sector,Pre-1000,Culture (core),0.9456295542488614,0.6542631157678146
sector,Pre-1000,Culture (periphery),0.99432176299733,0.6542631157678146
sector,Pre-1000,Sport & Games,0.4824085339702218,0.6542631157678146
sector,1000-1399,Politics,0.33814799865800244,0.6377057023069646
sector,1000-1399,Administration & Law,0.5098374160079738,0.6377057023069646
sector,1000-1399,Military,0.22213076710452548,0.6377057023069646
sector,1000-1399,Religion,0.8144547121814695,0.6377057023069646
sector,1000-1399,Nobility,0.021079738142313776,0.6377057023069646
sector,1000-1399,Kinship,0.0015467409782192482,0.6377057023069646
sector,1000-1399,Big business,0.7670617288057072,0.6377057023069646
sector,1000-1399,Small business,0.7202345468025644,0.6377057023069646
sector,1000-1399,Academia,0.9054431382718878,0.6377057023069646
sector,1000-1399,Exploration & Invention,0.7524815004246902,0.6377057023069646
sector,1000-1399,Culture (core),0.9655487495448195,0.6377057023069646
sector,1000-1399,Culture (periphery),1.0,0.6377057023069646
sector,1000-1399,Sport & Games,0.43558486999534934,0.6377057023069646
sector,1400-1599,Politics,0.6179543574432902,0.40067712135238975
sector,1400-1599,Administration & Law,0.2516183865318301,0.40067712135238975
sector,1400-1599,Military,0.5484176074286348,0.40067712135238975
sector,1400-1599,Religion,0.19902094887700855,0.40067712135238975
sector,1400-1599,Nobility,0.2561324876414318,0.40067712135238975
sector,1400-1599,Kinship,0.09465063417583477,0.40067712135238975
sector,1400-1599,Big business,1.0,0.40067712135238975
sector,1400-1599,Small business,0.998721088615158,0.40067712135238975
sector,1400-1599,Academia,0.31932115161276015,0.40067712135238975
sector,1400-1599,Exploration & Invention,0.9038906765216871,0.40067712135238975
sector,1400-1599,Culture (core),0.7414517273745778,0.40067712135238975
sector,1400-1599,Culture (periphery),0.898149400139326,0.40067712135238975
sector,1400-1599,Sport & Games,0.44600327923843786,0.40067712135238975
sector,1600-1799,Politics,0.28101475698303197,0.3938873084148837
sector,1600-1799,Administration & Law,0.08510713278918293,0.3938873084148837
sector,1600-1799,Military,0.45359002140310095,0.3938873084148837
sector,1600-1799,Religion,0.40053974692718014,0.3938873084148837
sector,1600-1799,Nobility,0.24541971593403278,0.3938873084148837
sector,1600-1799,Kinship,0.2713704065883462,0.3938873084148837
sector,1600-1799,Big business,0.8220222656968886,0.3938873084148837
sector,1600-1799,Small business,1.0,0.3938873084148837
sector,1600-1799,Academia,0.6498964982531863,0.3938873084148837
sector,1600-1799,Exploration & Invention,0.9826101950026509,0.3938873084148837
sector,1600-1799,Culture (core),0.8680725349733669,0.3938873084148837
sector,1600-1799,Culture (periphery),0.8260332666796667,0.3938873084148837
sector,1600-1799,Sport & Games,0.7335281299401093,0.3938873084148837
sector,1800-1899,Politics,0.2934524225203296,0.4189836593822454
sector,1800-1899,Administration & Law,0.09462760140262164,0.4189836593822454
sector,1800-1899,Military,1.0,0.4189836593822454
sector,1800-1899,Religion,0.42707327426751746,0.4189836593822454
sector,1800-1899,Nobility,0.8955952005514118,0.4189836593822454
sector,1800-1899,Kinship,0.8490078210771573,0.4189836593822454
sector,1800-1899,Big business,0.6827819346497104,0.4189836593822454
sector,1800-1899,Small business,0.32773701816223383,0.4189836593822454
sector,1800-1899,Academia,0.36300308828205163,0.4189836593822454
sector,1800-1899,Exploration & Invention,0.7886610346928195,0.4189836593822454
sector,1800-1899,Culture (core),0.23481445706558146,0.4189836593822454
sector,1800-1899,Culture (periphery),0.08873670139468877,0.4189836593822454
sector,1800-1899,Sport & Games,0.93753824197227,0.4189836593822454
sector,1900-2020,Politics,0.38139208343981706,0.5485330975459839
sector,1900-2020,Administration & Law,0.20767872371997828,0.5485330975459839
sector,1900-2020,Military,0.5854142182359797,0.5485330975459839
sector,1900-2020,Religion,0.2598027625542687,0.5485330975459839
sector,1900-2020,Nobility,0.816890979492843,0.5485330975459839
sector,1900-2020,Kinship,0.7805389041535362,0.5485330975459839
sector,1900-2020,Big business,0.483444835844947,0.5485330975459839
sector,1900-2020,Small business,0.23545788297119857,0.5485330975459839
sector,1900-2020,Academia,0.20573927615607498,0.5485330975459839
sector,1900-2020,Exploration & Invention,0.4309019986768857,0.5485330975459839
sector,1900-2020,Culture (core),0.06907167299032209,0.5485330975459839
sector,1900-2020,Culture (periphery),0.01681496369734435,0.5485330975459839
sector,1900-2020,Sport & Games,1.0,0.5485330975459839
domain,all,Political,1.0,0.9438379032233049
domain,all,Ideational,0.0,0.9438379032233049
domain,all,Economic,0.0,0.9438379032233049
domain,all,Security,1.0,0.9438379032233049
domain,Pre-1000,Political,0.0,0.9881290888547726
domain,Pre-1000,Ideational,1.0,0.9881290888547726
domain,Pre-1000,Economic,1.0,0.9881290888547726
domain,Pre-1000,Security,0.0,0.9881290888547726
domain,1000-1399,Political,0.9140940399338866,0.5199582203983919
domain,1000-1399,Ideational,0.36033138948165444,0.5199582203983919
domain,1000-1399,Economic,0.5424673228897063,0.5199582203983919
domain,1000-1399,Security,1.0,0.5199582203983919
domain,1400-1599,Political,0.9823738159540525,0.8692801671226076
domain,1400-1599,Ideational,0.10113323907461418,0.8692801671226076
domain,1400-1599,Economic,0.21253145125744713,0.8692801671226076
domain,1400-1599,Security,1.0,0.8692801671226076
domain,1600-1799,Political,0.0,0.6446083825679777
domain,1600-1799,Ideational,1.0,0.6446083825679777
domain,1600-1799,Economic,1.0,0.6446083825679777
domain,1600-1799,Security,0.0,0.6446083825679777
domain,1800-1899,Political,1.0,0.8930437098227988
domain,1800-1899,Ideational,0.0,0.8930437098227988
domain,1800-1899,Economic,0.0,0.8930437098227988
domain,1800-1899,Security,1.0,0.8930437098227988
domain,1900-2020,Political,1.0,0.980264764726422
domain,1900-2020,Ideational,0.0,0.980264764726422
domain,1900-2020,Economic,0.0,0.980264764726422
domain,1900-2020,Security,1.0,0.980264764726422
